<addon id="repository.eclipse" name="[COLOR red]Eclipse Repo[/COLOR]" version="1.0.0" provider-name="Fransalmighty">
	<extension point="xbmc.addon.repository" name="eclipse">
		<dir>
			<info compressed="false">https://raw.githubusercontent.com/Eclipse4kodi/eclipse/master/addons.xml</info>
			<checksum>https://raw.githubusercontent.com/Eclipse4kodi/eclipse/master/addons.xml.md5</checksum>
			<datadir zip="true">https://raw.githubusercontent.com/Eclipse4kodi/eclipse/master/</datadir>
		</dir>
		<dir>
            <info compressed="false">https://raw.githubusercontent.com/teamuniversal/scrapers/master/_modules4all/zips/addons.xml</info>
            <checksum>https://raw.githubusercontent.com/teamuniversal/scrapers/master/_modules4all/zips/addons.xml.md5</checksum>
            <datadir zip="true">https://raw.githubusercontent.com/teamuniversal/scrapers/master/_modules4all/zips/</datadir>
        </dir>
        <dir>
            <info compressed="false">https://raw.githubusercontent.com/jsergio123/zips/master/addons.xml</info>
            <checksum>https://raw.githubusercontent.com/jsergio123/zips/master/addons.xml.md5</checksum>
            <datadir zip="true">https://raw.githubusercontent.com/jsergio123/zips/master/</datadir>
        </dir>
        <dir>
            <info compressed="false">https://raw.githubusercontent.com/totalrevolution/python-koding/master/zips/addons.xml</info>
            <checksum>https://raw.githubusercontent.com/totalrevolution/python-koding/master/zips/addons.xml.md5</checksum>
            <datadir zip="true">https://raw.githubusercontent.com/totalrevolution/python-koding/master/zips/</datadir>
        </dir>
        </extension>
        <extension point="xbmc.addon.metadata">
            <summary>Official Repo For Jen Dependencies</summary>
            <description>Jen Brings The Dawn Of A New Day in Kodi .. You Now Have The Power To Make Your Add-On</description>
            <platform>all</platform>
            <genre>movies,usa</genre>
        </extension>
	</extension>
	<extension point="xbmc.addon.metadata">
		<summary lang="en"></summary>
		<description lang="en">The Official Repo for Eclips</description>
	</extension>
</addon>