<addon id="repository.eclipse" name="[COLOR red]Eclipse Repo[/COLOR]" version="1.0.0" provider-name="Fransalmighty">
	<extension point="xbmc.addon.repository" name="eclipse">
		<dir>
			<info compressed="false">https://raw.githubusercontent.com/Eclipse4kodi/eclipse/master/addons.xml</info>
			<checksum>https://raw.githubusercontent.com/Eclipse4kodi/eclipse/master/addons.xml.md5</checksum>
			<datadir zip="true">https://raw.githubusercontent.com/Eclipse4kodi/eclipse/master/</datadir>
		</dir>
		<dir>
            <info compressed="false">https://raw.githubusercontent.com/jsergio123/zips/master/addons.xml</info>
            <checksum>https://raw.githubusercontent.com/jsergio123/zips/master/addons.xml.md5</checksum>
            <datadir zip="true">https://raw.githubusercontent.com/jsergio123/zips/master/</datadir>
        </dir>
        <dir>
			<info compressed="false">https://github.com/gaiaorigin/gaiaorigin/raw/master/common/addons.xml?v=3.2.0</info>
			<checksum>https://github.com/gaiaorigin/gaiaorigin/raw/master/common/addons.xml.md5?v=3.2.0</checksum>
			<datadir zip="true">https://github.com/gaiaorigin/gaiaorigin/raw/master/common/</datadir>
		</dir>
	</extension>
	<extension point="xbmc.addon.metadata">
		<summary lang="en"></summary>
		<description lang="en">The Official Repo for Eclipse</description>
	</extension>
</addon>