<?xml version="1.0" encoding="UTF-8" standalone="yes"?>
<addon id="script.module.eclipse" name="Eclipse Module" version="1.2.4" provider-name="Fransalmighty">
	<requires>
		<import addon="xbmc.python" version="2.1.0" />
	</requires>
	<extension point="xbmc.python.module" library="lib" />
	<extension point="xbmc.addon.metadata">
		<platform>all</platform>
		<summary lang="en">Eclipse</summary>
		<description></description>
        <disclaimer lang="en">The author is not responsible for the use of this addon. The author is not responsible for the content found using this addon. The author does not host or own any content found within this addon.
The author is in no way affiliated with Kodi, Team Kodi, or the XBMC Foundation.</disclaimer>
        <license>Beerware rev. 42</license>
	</extension>
</addon>